id,sido,sigungu,full_name,type,region_group,lat,lng,pop,pop65,pop65_ratio,hosp,pop_source,hosp_source
1,서울특별시,강남구,서울 강남구,구,수도권,37.49495,127.05164,597512,129063,0.216,5,virtual,hospitals.csv
2,서울특별시,강동구,서울 강동구,구,수도권,37.53946,127.14677,414558,66329,0.16,3,virtual,hospitals.csv
3,서울특별시,강북구,서울 강북구,구,수도권,37.63372,127.02579,336717,62966,0.187,3,virtual,hospitals.csv
4,서울특별시,강서구,서울 강서구,구,수도권,37.55355,126.83683,419722,62119,0.148,6,virtual,hospitals.csv
5,서울특별시,관악구,서울 관악구,구,수도권,37.48279,126.93931,474249,89633,0.189,4,virtual,hospitals.csv
6,서울특별시,광진구,서울 광진구,구,수도권,37.53808,127.07786,270393,41641,0.154,2,virtual,hospitals.csv
7,서울특별시,구로구,서울 구로구,구,수도권,37.49588,126.87555,327150,60523,0.185,2,virtual,hospitals.csv
8,서울특별시,금천구,서울 금천구,구,수도권,37.45567,126.90056,217051,40371,0.186,1,virtual,hospitals.csv
9,서울특별시,노원구,서울 노원구,구,수도권,37.63795,127.07194,583022,103195,0.177,3,virtual,hospitals.csv
10,서울특별시,도봉구,서울 도봉구,구,수도권,37.64612,127.02902,203330,37006,0.182,1,virtual,hospitals.csv
11,서울특별시,동대문구,서울 동대문구,구,수도권,37.58536,127.0496,360620,72485,0.201,4,virtual,hospitals.csv
12,서울특별시,동작구,서울 동작구,구,수도권,37.49445,126.95544,408544,83343,0.204,3,virtual,hospitals.csv
13,서울특별시,마포구,서울 마포구,구,수도권,37.55259,126.93373,228074,40825,0.179,1,virtual,hospitals.csv
14,서울특별시,서대문구,서울 서대문구,구,수도권,37.57161,126.93871,433567,81511,0.188,2,virtual,hospitals.csv
15,서울특별시,서초구,서울 서초구,구,수도권,37.49025,127.00906,481332,103005,0.214,3,virtual,hospitals.csv
16,서울특별시,성동구,서울 성동구,구,수도권,37.56253,127.03645,337467,50620,0.15,2,virtual,hospitals.csv
17,서울특별시,성북구,서울 성북구,구,수도권,37.58716,127.02647,311219,46372,0.149,1,virtual,hospitals.csv
18,서울특별시,송파구,서울 송파구,구,수도권,37.50844,127.10867,290205,42660,0.147,3,virtual,hospitals.csv
19,서울특별시,양천구,서울 양천구,구,수도권,37.52567,126.861,332900,64250,0.193,3,virtual,hospitals.csv
20,서울특별시,영등포구,서울 영등포구,구,수도권,37.51108,126.9083,623349,107839,0.173,9,virtual,hospitals.csv
21,서울특별시,용산구,서울 용산구,구,수도권,37.53384,127.00442,195824,39556,0.202,1,virtual,hospitals.csv
22,서울특별시,은평구,서울 은평구,구,수도권,37.61847,126.91926,330144,64048,0.194,4,virtual,hospitals.csv
23,서울특별시,종로구,서울 종로구,구,수도권,37.57422,126.97776,628262,104920,0.167,5,virtual,hospitals.csv
24,서울특별시,중구,서울 중구,구,수도권,37.56734,127.0058,204203,43291,0.212,1,virtual,hospitals.csv
25,서울특별시,중랑구,서울 중랑구,구,수도권,37.59906,127.09773,270447,54360,0.201,3,virtual,hospitals.csv
26,전남광주통합특별시,강진군,전남광주 강진군,군,광주·전남 권역,34.63682,126.7579,25980,7119,0.274,1,virtual,hospitals.csv
27,전남광주통합특별시,고흥군,전남광주 고흥군,군,광주·전남 권역,34.58329,127.21971,49998,18099,0.362,2,virtual,hospitals.csv
28,전남광주통합특별시,곡성군,전남광주 곡성군,군,광주·전남 권역,35.27628,127.28798,38960,13091,0.336,1,virtual,hospitals.csv
29,전남광주통합특별시,광산구,전남광주 광산구,구,광주·전남 권역,35.18019,126.82314,596382,89457,0.15,9,virtual,hospitals.csv
30,전남광주통합특별시,광양시,전남광주 광양시,시,광주·전남 권역,34.94703,127.69375,116663,24383,0.209,2,virtual,hospitals.csv
31,전남광주통합특별시,구례군,전남광주 구례군,군,광주·전남 권역,35.2159,127.46406,50485,17266,0.342,1,virtual,hospitals.csv
32,전남광주통합특별시,나주시,전남광주 나주시,시,광주·전남 권역,35.0303,126.76009,99673,15051,0.151,2,virtual,hospitals.csv
33,전남광주통합특별시,남구,전남광주 남구,구,광주·전남 권역,35.12974,126.90381,141697,24939,0.176,3,virtual,hospitals.csv
34,전남광주통합특별시,담양군,전남광주 담양군,군,광주·전남 권역,35.31525,126.98263,31022,11137,0.359,1,virtual,hospitals.csv
35,전남광주통합특별시,동구,전남광주 동구,구,광주·전남 권역,35.1402,126.92421,125599,20598,0.164,2,virtual,hospitals.csv
36,전남광주통합특별시,목포시,전남광주 목포시,시,광주·전남 권역,34.8111,126.40877,333871,65439,0.196,5,virtual,hospitals.csv
37,전남광주통합특별시,무안군,전남광주 무안군,군,광주·전남 권역,34.99176,126.48926,32157,10065,0.313,1,virtual,hospitals.csv
38,전남광주통합특별시,보성군,전남광주 보성군,군,광주·전남 권역,34.80466,127.22501,69630,20610,0.296,2,virtual,hospitals.csv
39,전남광주통합특별시,북구,전남광주 북구,구,광주·전남 권역,35.18742,126.89579,234516,49952,0.213,6,virtual,hospitals.csv
40,전남광주통합특별시,서구,전남광주 서구,구,광주·전남 권역,35.14555,126.86589,286788,58218,0.203,4,virtual,hospitals.csv
41,전남광주통합특별시,순천시,전남광주 순천시,시,광주·전남 권역,34.95589,127.51175,242697,39074,0.161,6,virtual,hospitals.csv
42,전남광주통합특별시,신안군,전남광주 신안군,군,광주·전남 권역,34.72226,125.93257,37971,14429,0.38,1,virtual,hospitals.csv
43,전남광주통합특별시,여수시,전남광주 여수시,시,광주·전남 권역,34.7604,127.6802,168675,40145,0.238,4,virtual,hospitals.csv
44,전남광주통합특별시,영광군,전남광주 영광군,군,광주·전남 권역,35.27957,126.50491,47936,14093,0.294,2,virtual,hospitals.csv
45,전남광주통합특별시,영암군,전남광주 영암군,군,광주·전남 권역,34.79434,126.70117,44146,15893,0.36,1,virtual,hospitals.csv
46,전남광주통합특별시,완도군,전남광주 완도군,군,광주·전남 권역,34.28132,126.77875,63775,17411,0.273,3,virtual,hospitals.csv
47,전남광주통합특별시,장성군,전남광주 장성군,군,광주·전남 권역,35.30587,126.78362,29067,11045,0.38,1,virtual,hospitals.csv
48,전남광주통합특별시,장흥군,전남광주 장흥군,군,광주·전남 권역,34.67782,126.91102,41021,13947,0.34,2,virtual,hospitals.csv
49,전남광주통합특별시,진도군,전남광주 진도군,군,광주·전남 권역,34.48085,126.26462,58952,19926,0.338,2,virtual,hospitals.csv
50,전남광주통합특별시,함평군,전남광주 함평군,군,광주·전남 권역,35.06189,126.51981,58602,15881,0.271,1,virtual,hospitals.csv
51,전남광주통합특별시,해남군,전남광주 해남군,군,광주·전남 권역,34.57789,126.62963,58766,21626,0.368,2,virtual,hospitals.csv
52,전남광주통합특별시,화순군,전남광주 화순군,군,광주·전남 권역,35.05769,126.99387,69369,18244,0.263,3,virtual,hospitals.csv
53,부산광역시,강서구,부산 강서구,구,부산 권역,35.212,128.981,55086,10246,0.186,0,virtual,none
54,부산광역시,금정구,부산 금정구,구,부산 권역,35.21442,129.10408,102458,15983,0.156,1,virtual,hospitals.csv
55,부산광역시,기장군,부산 기장군,군,부산 권역,35.27894,129.23041,56673,19439,0.343,2,virtual,hospitals.csv
56,부산광역시,남구,부산 남구,구,부산 권역,35.11046,129.10919,114654,23963,0.209,1,virtual,hospitals.csv
57,부산광역시,동구,부산 동구,구,부산 권역,35.13298,129.05221,350795,52970,0.151,4,virtual,hospitals.csv
58,부산광역시,동래구,부산 동래구,구,부산 권역,35.20105,129.08893,253126,47841,0.189,4,virtual,hospitals.csv
59,부산광역시,부산진구,부산 부산진구,구,부산 권역,35.15532,129.05146,288795,42742,0.148,4,virtual,hospitals.csv
60,부산광역시,북구,부산 북구,구,부산 권역,35.21907,129.0082,368391,72941,0.198,3,virtual,hospitals.csv
61,부산광역시,사상구,부산 사상구,구,부산 권역,35.15503,128.99977,243537,35800,0.147,3,virtual,hospitals.csv
62,부산광역시,사하구,부산 사하구,구,부산 권역,35.10387,128.97389,176904,38034,0.215,1,virtual,hospitals.csv
63,부산광역시,서구,부산 서구,구,부산 권역,35.10328,129.01582,251352,37954,0.151,4,virtual,hospitals.csv
64,부산광역시,수영구,부산 수영구,구,부산 권역,35.15919,129.11276,252896,54878,0.217,3,virtual,hospitals.csv
65,부산광역시,연제구,부산 연제구,구,부산 권역,35.18492,129.0688,165886,33841,0.204,2,virtual,hospitals.csv
66,부산광역시,영도구,부산 영도구,구,부산 권역,35.09211,129.0422,193262,36140,0.187,2,virtual,hospitals.csv
67,부산광역시,중구,부산 중구,구,부산 권역,35.10758,129.03246,181509,36846,0.203,1,virtual,hospitals.csv
68,부산광역시,해운대구,부산 해운대구,구,부산 권역,35.17339,129.1531,172864,35264,0.204,3,virtual,hospitals.csv
69,대구광역시,군위군,대구 군위군,군,대구·경북 권역,36.239,128.573,27166,9345,0.344,0,virtual,none
70,대구광역시,남구,대구 남구,구,대구·경북 권역,35.8423,128.57633,330939,54274,0.164,4,virtual,hospitals.csv
71,대구광역시,달서구,대구 달서구,구,대구·경북 권역,35.83466,128.53286,426098,92037,0.216,6,virtual,hospitals.csv
72,대구광역시,달성군,대구 달성군,군,대구·경북 권역,35.69331,128.47044,46706,17281,0.37,1,virtual,hospitals.csv
73,대구광역시,동구,대구 동구,구,대구·경북 권역,35.87847,128.63416,343271,61102,0.178,3,virtual,hospitals.csv
74,대구광역시,북구,대구 북구,구,대구·경북 권역,35.94548,128.55683,213555,35450,0.166,2,virtual,hospitals.csv
75,대구광역시,서구,대구 서구,구,대구·경북 권역,35.86508,128.56058,363515,66523,0.183,4,virtual,hospitals.csv
76,대구광역시,수성구,대구 수성구,구,대구·경북 권역,35.84023,128.70573,189399,39395,0.208,1,virtual,hospitals.csv
77,대구광역시,중구,대구 중구,구,대구·경북 권역,35.86957,128.59522,405179,77794,0.192,4,virtual,hospitals.csv
78,인천광역시,강화군,인천 강화군,군,수도권,37.73605,126.48571,62362,19519,0.313,1,virtual,hospitals.csv
79,인천광역시,검단구,인천 검단구,구,수도권,37.59761,126.66267,178706,30559,0.171,2,virtual,hospitals.csv
80,인천광역시,계양구,인천 계양구,구,수도권,37.53324,126.73115,412077,81591,0.198,3,virtual,hospitals.csv
81,인천광역시,남동구,인천 남동구,구,수도권,37.43955,126.70569,314520,57872,0.184,3,virtual,hospitals.csv
82,인천광역시,미추홀구,인천 미추홀구,구,수도권,37.45988,126.65788,347388,74688,0.215,3,virtual,hospitals.csv
83,인천광역시,부평구,인천 부평구,구,수도권,37.48925,126.73266,330715,66804,0.202,3,virtual,hospitals.csv
84,인천광역시,서해구,인천 서해구,구,수도권,37.51347,126.67751,372071,66229,0.178,3,virtual,hospitals.csv
85,인천광역시,연수구,인천 연수구,구,수도권,37.41316,126.68006,397520,67578,0.17,2,virtual,hospitals.csv
86,인천광역시,영종구,인천 영종구,구,수도권,37.48847,126.56467,221503,48509,0.219,1,virtual,hospitals.csv
87,인천광역시,옹진군,인천 옹진군,군,수도권,37.96802,124.72111,76760,26559,0.346,1,virtual,hospitals.csv
88,인천광역시,제물포구,인천 제물포구,구,수도권,37.47144,126.64527,354706,76616,0.216,4,virtual,hospitals.csv
89,대전광역시,대덕구,대전 대덕구,구,충청 권역,36.40776,127.43395,354270,72271,0.204,2,virtual,hospitals.csv
90,대전광역시,동구,대전 동구,구,충청 권역,36.33866,127.43747,292683,53561,0.183,2,virtual,hospitals.csv
91,대전광역시,서구,대전 서구,구,충청 권역,36.32336,127.36506,341524,65231,0.191,3,virtual,hospitals.csv
92,대전광역시,유성구,대전 유성구,구,충청 권역,36.37535,127.32491,205656,33522,0.163,1,virtual,hospitals.csv
93,대전광역시,중구,대전 중구,구,충청 권역,36.32532,127.41528,248989,49549,0.199,3,virtual,hospitals.csv
94,울산광역시,남구,울산 남구,구,부산 권역,35.54288,129.30478,310543,52482,0.169,5,virtual,hospitals.csv
95,울산광역시,동구,울산 동구,구,부산 권역,35.52006,129.4288,142590,23527,0.165,1,virtual,hospitals.csv
96,울산광역시,북구,울산 북구,구,부산 권역,35.60588,129.35484,272382,41674,0.153,2,virtual,hospitals.csv
97,울산광역시,울주군,울산 울주군,군,부산 권역,35.49096,129.20957,128465,35713,0.278,2,virtual,hospitals.csv
98,울산광역시,중구,울산 중구,구,부산 권역,35.55951,129.3278,232097,49901,0.215,3,virtual,hospitals.csv
99,세종특별자치시,세종시,세종 세종시,시,충청 권역,36.49957,127.2601,390585,69134,0.177,2,virtual,hospitals.csv
100,경기도,가평군,경기 가평군,군,수도권,37.69105,127.52141,99111,36076,0.364,1,virtual,hospitals.csv
101,경기도,고양시,경기 고양시,시,수도권,37.65769,126.7943,907432,176949,0.195,8,virtual,hospitals.csv
102,경기도,과천시,경기 과천시,시,수도권,37.429,126.988,120571,19894,0.165,0,virtual,none
103,경기도,광명시,경기 광명시,시,수도권,37.44903,126.87892,276460,48380,0.175,2,virtual,hospitals.csv
104,경기도,광주시,경기 광주시,시,수도권,37.41095,127.26022,306073,53257,0.174,1,virtual,hospitals.csv
105,경기도,구리시,경기 구리시,시,수도권,37.60324,127.13606,346994,78074,0.225,2,virtual,hospitals.csv
106,경기도,군포시,경기 군포시,시,수도권,37.35922,126.94033,335484,77832,0.232,2,virtual,hospitals.csv
107,경기도,김포시,경기 김포시,시,수도권,37.63674,126.68538,296354,47713,0.161,2,virtual,hospitals.csv
108,경기도,남양주시,경기 남양주시,시,수도권,37.66973,127.21358,828274,130039,0.157,5,virtual,hospitals.csv
109,경기도,동두천시,경기 동두천시,시,수도권,37.90888,127.05398,236413,49410,0.209,1,virtual,hospitals.csv
110,경기도,부천시,경기 부천시,시,수도권,37.50075,126.78413,548192,90452,0.165,5,virtual,hospitals.csv
111,경기도,성남시,경기 성남시,시,수도권,37.41767,127.13779,819140,190040,0.232,9,virtual,hospitals.csv
112,경기도,수원시,경기 수원시,시,수도권,37.26779,127.01621,1021846,184954,0.181,9,virtual,hospitals.csv
113,경기도,시흥시,경기 시흥시,시,수도권,37.37697,126.75135,487203,79901,0.164,3,virtual,hospitals.csv
114,경기도,안산시,경기 안산시,시,수도권,37.32156,126.83501,840503,203402,0.242,7,virtual,hospitals.csv
115,경기도,안성시,경기 안성시,시,수도권,37.01174,127.26559,391307,65348,0.167,2,virtual,hospitals.csv
116,경기도,안양시,경기 안양시,시,수도권,37.38788,126.94058,759553,135200,0.178,3,virtual,hospitals.csv
117,경기도,양주시,경기 양주시,시,수도권,37.83756,127.06464,221984,36627,0.165,1,virtual,hospitals.csv
118,경기도,양평군,경기 양평군,군,수도권,37.49396,127.50347,108094,29618,0.274,1,virtual,hospitals.csv
119,경기도,여주시,경기 여주시,시,수도권,37.2956,127.6298,286674,43574,0.152,2,virtual,hospitals.csv
120,경기도,연천군,경기 연천군,군,수도권,38.02374,127.06124,143317,38266,0.267,1,virtual,hospitals.csv
121,경기도,오산시,경기 오산시,시,수도권,37.14123,127.07534,325855,54418,0.167,1,virtual,hospitals.csv
122,경기도,용인시,경기 용인시,시,수도권,37.25098,127.17713,593016,91917,0.155,5,virtual,hospitals.csv
123,경기도,의왕시,경기 의왕시,시,수도권,37.345,126.968,213695,52355,0.245,0,virtual,none
124,경기도,의정부시,경기 의정부시,시,수도권,37.74938,127.05562,494560,103363,0.209,5,virtual,hospitals.csv
125,경기도,이천시,경기 이천시,시,수도권,37.27821,127.44153,285907,62328,0.218,2,virtual,hospitals.csv
126,경기도,파주시,경기 파주시,시,수도권,37.80779,126.77967,623836,117905,0.189,4,virtual,hospitals.csv
127,경기도,평택시,경기 평택시,시,수도권,37.01888,127.05536,825888,150312,0.182,6,virtual,hospitals.csv
128,경기도,포천시,경기 포천시,시,수도권,37.86538,127.17323,402452,80490,0.2,2,virtual,hospitals.csv
129,경기도,하남시,경기 하남시,시,수도권,37.539,127.215,182070,32773,0.18,0,virtual,none
130,경기도,화성시,경기 화성시,시,수도권,37.19392,126.95777,448928,106845,0.238,4,virtual,hospitals.csv
131,강원특별자치도,강릉시,강원 강릉시,시,강원 권역,37.78069,128.88455,192673,37957,0.197,3,virtual,hospitals.csv
132,강원특별자치도,고성군,강원 고성군,군,강원 권역,38.38,128.468,17434,5858,0.336,0,virtual,none
133,강원특별자치도,동해시,강원 동해시,시,강원 권역,37.53116,129.10663,108776,24801,0.228,2,virtual,hospitals.csv
134,강원특별자치도,삼척시,강원 삼척시,시,강원 권역,37.44028,129.1637,119023,18091,0.152,1,virtual,hospitals.csv
135,강원특별자치도,속초시,강원 속초시,시,강원 권역,38.20712,128.58375,178471,28734,0.161,2,virtual,hospitals.csv
136,강원특별자치도,양구군,강원 양구군,군,강원 권역,38.10478,127.9912,30290,10904,0.36,1,virtual,hospitals.csv
137,강원특별자치도,양양군,강원 양양군,군,강원 권역,38.075,128.619,23386,7694,0.329,0,virtual,none
138,강원특별자치도,영월군,강원 영월군,군,강원 권역,37.18659,128.46531,35624,12682,0.356,1,virtual,hospitals.csv
139,강원특별자치도,원주시,강원 원주시,시,강원 권역,37.34192,127.94954,184339,31891,0.173,3,virtual,hospitals.csv
140,강원특별자치도,인제군,강원 인제군,군,강원 권역,38.07,128.17,23895,8459,0.354,0,virtual,none
141,강원특별자치도,정선군,강원 정선군,군,강원 권역,37.38292,128.65842,45581,14768,0.324,1,virtual,hospitals.csv
142,강원특별자치도,철원군,강원 철원군,군,강원 권역,38.15033,127.30803,49125,16359,0.333,1,virtual,hospitals.csv
143,강원특별자치도,춘천시,강원 춘천시,시,강원 권역,37.88012,127.73709,144251,34187,0.237,3,virtual,hospitals.csv
144,강원특별자치도,태백시,강원 태백시,시,강원 권역,37.10404,129.00429,122923,25814,0.21,1,virtual,hospitals.csv
145,강원특별자치도,평창군,강원 평창군,군,강원 권역,37.36058,128.38905,59920,18575,0.31,1,virtual,hospitals.csv
146,강원특별자치도,홍천군,강원 홍천군,군,강원 권역,37.69082,127.89491,50152,15296,0.305,1,virtual,hospitals.csv
147,강원특별자치도,화천군,강원 화천군,군,강원 권역,38.10738,127.70888,65390,20336,0.311,1,virtual,hospitals.csv
148,강원특별자치도,횡성군,강원 횡성군,군,강원 권역,37.47846,127.97995,55448,18741,0.338,1,virtual,hospitals.csv
149,충청북도,괴산군,충북 괴산군,군,충청 권역,36.81544,127.78425,56614,16531,0.292,1,virtual,hospitals.csv
150,충청북도,단양군,충북 단양군,군,충청 권역,36.98454,128.36668,64862,22377,0.345,1,virtual,hospitals.csv
151,충청북도,보은군,충북 보은군,군,충청 권역,36.48327,127.71821,88656,33512,0.378,1,virtual,hospitals.csv
152,충청북도,영동군,충북 영동군,군,충청 권역,36.18523,127.78083,50612,16854,0.333,1,virtual,hospitals.csv
153,충청북도,옥천군,충북 옥천군,군,충청 권역,36.31335,127.57198,71055,18972,0.267,1,virtual,hospitals.csv
154,충청북도,음성군,충북 음성군,군,충청 권역,36.9976,127.59853,62474,20866,0.334,1,virtual,hospitals.csv
155,충청북도,제천시,충북 제천시,시,충청 권역,37.15079,128.2201,185787,28611,0.154,2,virtual,hospitals.csv
156,충청북도,증평군,충북 증평군,군,충청 권역,36.785,127.581,31442,8521,0.271,0,virtual,none
157,충청북도,진천군,충북 진천군,군,충청 권역,36.85849,127.44051,90602,33160,0.366,1,virtual,hospitals.csv
158,충청북도,청주시,충북 청주시,시,충청 권역,36.63451,127.45184,543315,120073,0.221,8,virtual,hospitals.csv
159,충청북도,충주시,충북 충주시,시,충청 권역,36.97966,127.94231,356523,59539,0.167,3,virtual,hospitals.csv
160,충청남도,계룡시,충남 계룡시,시,충청 권역,36.274,127.249,68100,11441,0.168,0,virtual,none
161,충청남도,공주시,충남 공주시,시,충청 권역,36.45905,127.10922,132586,32218,0.243,1,virtual,hospitals.csv
162,충청남도,금산군,충남 금산군,군,충청 권역,36.10403,127.4962,69907,24677,0.353,1,virtual,hospitals.csv
163,충청남도,논산시,충남 논산시,시,충청 권역,36.1925,127.09437,205373,45182,0.22,1,virtual,hospitals.csv
164,충청남도,당진시,충남 당진시,시,충청 권역,36.9044,126.68436,158435,37074,0.234,1,virtual,hospitals.csv
165,충청남도,보령시,충남 보령시,시,충청 권역,36.38114,126.62283,174638,26894,0.154,1,virtual,hospitals.csv
166,충청남도,부여군,충남 부여군,군,충청 권역,36.27555,126.9017,83930,23836,0.284,1,virtual,hospitals.csv
167,충청남도,서산시,충남 서산시,시,충청 권역,36.77829,126.48429,272044,44071,0.162,2,virtual,hospitals.csv
168,충청남도,서천군,충남 서천군,군,충청 권역,36.08449,126.68758,124302,39901,0.321,1,virtual,hospitals.csv
169,충청남도,아산시,충남 아산시,시,충청 권역,36.78121,127.01046,255755,57545,0.225,2,virtual,hospitals.csv
170,충청남도,예산군,충남 예산군,군,충청 권역,36.70242,126.83614,146850,49342,0.336,2,virtual,hospitals.csv
171,충청남도,천안시,충남 천안시,시,충청 권역,36.80452,127.15511,225987,53107,0.235,4,virtual,hospitals.csv
172,충청남도,청양군,충남 청양군,군,충청 권역,36.4553,126.80456,86372,24098,0.279,1,virtual,hospitals.csv
173,충청남도,태안군,충남 태안군,군,충청 권역,36.75191,126.32321,70813,24643,0.348,1,virtual,hospitals.csv
174,충청남도,홍성군,충남 홍성군,군,충청 권역,36.59934,126.67441,64466,18244,0.283,1,virtual,hospitals.csv
175,전북특별자치도,고창군,전북 고창군,군,전북 권역,35.43645,126.69332,59290,17135,0.289,1,virtual,hospitals.csv
176,전북특별자치도,군산시,전북 군산시,시,전북 권역,35.96619,126.72455,218812,35885,0.164,2,virtual,hospitals.csv
177,전북특별자치도,김제시,전북 김제시,시,전북 권역,35.80674,126.8797,116627,26591,0.228,1,virtual,hospitals.csv
178,전북특별자치도,남원시,전북 남원시,시,전북 권역,35.4319,127.40719,99624,16936,0.17,1,virtual,hospitals.csv
179,전북특별자치도,무주군,전북 무주군,군,전북 권역,36.00586,127.6717,72789,26859,0.369,1,virtual,hospitals.csv
180,전북특별자치도,부안군,전북 부안군,군,전북 권역,35.72482,126.73453,61447,20831,0.339,1,virtual,hospitals.csv
181,전북특별자치도,순창군,전북 순창군,군,전북 권역,35.36704,127.14367,81039,21394,0.264,1,virtual,hospitals.csv
182,전북특별자치도,완주군,전북 완주군,군,전북 권역,35.905,127.162,24191,9144,0.378,0,virtual,none
183,전북특별자치도,익산시,전북 익산시,시,전북 권역,35.96296,126.9629,165260,24954,0.151,2,virtual,hospitals.csv
184,전북특별자치도,임실군,전북 임실군,군,전북 권역,35.6125,127.28698,40645,10812,0.266,1,virtual,hospitals.csv
185,전북특별자치도,장수군,전북 장수군,군,전북 권역,35.65466,127.52014,39210,13057,0.333,1,virtual,hospitals.csv
186,전북특별자치도,전주시,전북 전주시,시,전북 권역,35.83209,127.14256,514643,118368,0.23,7,virtual,hospitals.csv
187,전북특별자치도,정읍시,전북 정읍시,시,전북 권역,35.58899,126.82346,169873,29558,0.174,1,virtual,hospitals.csv
188,전북특별자치도,진안군,전북 진안군,군,전북 권역,35.79519,127.43207,52779,19106,0.362,1,virtual,hospitals.csv
189,경상북도,경산시,경북 경산시,시,대구·경북 권역,35.81752,128.73878,151713,34894,0.23,2,virtual,hospitals.csv
190,경상북도,경주시,경북 경주시,시,대구·경북 권역,35.85193,129.20317,171812,39173,0.228,2,virtual,hospitals.csv
191,경상북도,고령군,경북 고령군,군,대구·경북 권역,35.72996,128.27201,66789,22508,0.337,1,virtual,hospitals.csv
192,경상북도,구미시,경북 구미시,시,대구·경북 권역,36.10453,128.38206,249398,56863,0.228,3,virtual,hospitals.csv
193,경상북도,김천시,경북 김천시,시,대구·경북 권역,36.12892,128.12266,201149,32787,0.163,2,virtual,hospitals.csv
194,경상북도,문경시,경북 문경시,시,대구·경북 권역,36.58482,128.18977,105737,21570,0.204,1,virtual,hospitals.csv
195,경상북도,봉화군,경북 봉화군,군,대구·경북 권역,36.89171,128.7335,51388,16547,0.322,1,virtual,hospitals.csv
196,경상북도,상주시,경북 상주시,시,대구·경북 권역,36.41747,128.15767,204426,48245,0.236,2,virtual,hospitals.csv
197,경상북도,성주군,경북 성주군,군,대구·경북 권역,35.91869,128.2867,54990,17377,0.316,1,virtual,hospitals.csv
198,경상북도,안동시,경북 안동시,시,대구·경북 권역,36.56077,128.71852,151763,28683,0.189,3,virtual,hospitals.csv
199,경상북도,영덕군,경북 영덕군,군,대구·경북 권역,36.52465,129.4023,43452,14643,0.337,1,virtual,hospitals.csv
200,경상북도,영양군,경북 영양군,군,대구·경북 권역,36.66258,129.11731,45838,13385,0.292,1,virtual,hospitals.csv
201,경상북도,영주시,경북 영주시,시,대구·경북 권역,36.82212,128.61025,236402,38770,0.164,3,virtual,hospitals.csv
202,경상북도,영천시,경북 영천시,시,대구·경북 권역,35.95732,128.91305,119551,23671,0.198,1,virtual,hospitals.csv
203,경상북도,예천군,경북 예천군,군,대구·경북 권역,36.65742,128.4589,68553,21251,0.31,1,virtual,hospitals.csv
204,경상북도,울릉군,경북 울릉군,군,대구·경북 권역,37.48589,130.89948,51841,14930,0.288,1,virtual,hospitals.csv
205,경상북도,울진군,경북 울진군,군,대구·경북 권역,36.99265,129.40949,60017,18245,0.304,1,virtual,hospitals.csv
206,경상북도,의성군,경북 의성군,군,대구·경북 권역,36.38926,128.43429,67450,20505,0.304,1,virtual,hospitals.csv
207,경상북도,청도군,경북 청도군,군,대구·경북 권역,35.64871,128.73711,53391,15964,0.299,1,virtual,hospitals.csv
208,경상북도,청송군,경북 청송군,군,대구·경북 권역,36.43104,129.05266,64662,19787,0.306,1,virtual,hospitals.csv
209,경상북도,칠곡군,경북 칠곡군,군,대구·경북 권역,35.995,128.402,28405,8948,0.315,0,virtual,none
210,경상북도,포항시,경북 포항시,시,대구·경북 권역,36.0303,129.35096,242779,53169,0.219,5,virtual,hospitals.csv
211,경상남도,거제시,경남 거제시,시,부산 권역,34.88128,128.66398,253783,59639,0.235,3,virtual,hospitals.csv
212,경상남도,거창군,경남 거창군,군,부산 권역,35.6868,127.90877,68126,18053,0.265,1,virtual,hospitals.csv
213,경상남도,고성군,경남 고성군,군,부산 권역,34.97394,128.32575,99927,28179,0.282,2,virtual,hospitals.csv
214,경상남도,김해시,경남 김해시,시,부산 권역,35.22391,128.84938,408580,71093,0.174,5,virtual,hospitals.csv
215,경상남도,남해군,경남 남해군,군,부산 권역,34.84641,127.89425,69971,20292,0.29,1,virtual,hospitals.csv
216,경상남도,밀양시,경남 밀양시,시,부산 권역,35.44883,128.73857,283772,58741,0.207,3,virtual,hospitals.csv
217,경상남도,사천시,경남 사천시,시,부산 권역,34.98426,128.08204,243553,46762,0.192,3,virtual,hospitals.csv
218,경상남도,산청군,경남 산청군,군,부산 권역,35.41605,127.8842,71127,18920,0.266,1,virtual,hospitals.csv
219,경상남도,양산시,경남 양산시,시,부산 권역,35.35359,129.05731,334348,62523,0.187,4,virtual,hospitals.csv
220,경상남도,의령군,경남 의령군,군,부산 권역,35.31861,128.25868,45966,14847,0.323,1,virtual,hospitals.csv
221,경상남도,진주시,경남 진주시,시,부산 권역,35.179,128.09359,411429,65829,0.16,8,virtual,hospitals.csv
222,경상남도,창녕군,경남 창녕군,군,부산 권역,35.54215,128.49341,58826,21177,0.36,1,virtual,hospitals.csv
223,경상남도,창원시,경남 창원시,시,부산 권역,35.21228,128.62183,440430,68267,0.155,10,virtual,hospitals.csv
224,경상남도,통영시,경남 통영시,시,부산 권역,34.86536,128.42065,123538,29896,0.242,1,virtual,hospitals.csv
225,경상남도,하동군,경남 하동군,군,부산 권역,35.07144,127.75323,96151,26153,0.272,1,virtual,hospitals.csv
226,경상남도,함안군,경남 함안군,군,부산 권역,35.30898,128.51554,53289,19237,0.361,1,virtual,hospitals.csv
227,경상남도,함양군,경남 함양군,군,부산 권역,35.52047,127.72925,84289,31018,0.368,1,virtual,hospitals.csv
228,경상남도,합천군,경남 합천군,군,부산 권역,35.56636,128.16327,43444,16422,0.378,1,virtual,hospitals.csv
229,제주특별자치도,서귀포시,제주 서귀포시,시,제주 권역,33.25535,126.5642,134140,20926,0.156,1,virtual,hospitals.csv
230,제주특별자치도,제주시,제주 제주시,시,제주 권역,33.4892,126.51283,528233,121494,0.23,5,virtual,hospitals.csv
